[{"model": "formula_one.circuit", "pk": 1, "fields": {"reference": "circuit1", "name": "First Circuit", "city": "Edinburgh", "country": "Scotland", "location": "SRID=4326;POINT (-3.200409565086392 55.94864888830583)", "altitude": 100.0, "wikipedia": null}}, {"model": "formula_one.circuit", "pk": 2, "fields": {"reference": "circuit2", "name": "Second Circuit", "city": "Singapore", "country": "Singapore", "location": "SRID=4326;POINT (103.7365738679848 1.327085066056324)", "altitude": 1000.0, "wikipedia": null}}, {"model": "formula_one.driver", "pk": 1, "fields": {"reference": "driver1", "forename": "First", "surname": "Firsty", "abbreviation": "FST", "nationality": "British", "permanent_car_number": 1, "date_of_birth": "1999-09-19", "wikipedia": null}}, {"model": "formula_one.driver", "pk": 2, "fields": {"reference": "driver2", "forename": "second", "surname": "secondy", "abbreviation": "SCD", "nationality": "Swedish", "permanent_car_number": 22, "date_of_birth": "2022-02-22", "wikipedia": null}}, {"model": "formula_one.pointscheme", "pk": 1, "fields": {"reference": "No Points", "name": "Session with no Points Awarded", "driver": 0, "team": 0, "fastest_lap": 0, "team_fastest_lap": 0, "partial": 0, "shared_drive": 0}}, {"model": "formula_one.pointscheme", "pk": 2, "fields": {"reference": "r1950", "name": "1950-1953 Race Points", "driver": 1, "team": 0, "fastest_lap": 1, "team_fastest_lap": 0, "partial": 0, "shared_drive": 1}}, {"model": "formula_one.pointscheme", "pk": 3, "fields": {"reference": "r1954", "name": "1954 Race Points", "driver": 1, "team": 0, "fastest_lap": 2, "team_fastest_lap": 0, "partial": 0, "shared_drive": 1}}, {"model": "formula_one.pointscheme", "pk": 4, "fields": {"reference": "r1955", "name": "1955 Race Points", "driver": 1, "team": 0, "fastest_lap": 2, "team_fastest_lap": 0, "partial": 0, "shared_drive": 2}}, {"model": "formula_one.pointscheme", "pk": 5, "fields": {"reference": "r1956", "name": "1956 - 1957 Race Points", "driver": 1, "team": 0, "fastest_lap": 2, "team_fastest_lap": 0, "partial": 0, "shared_drive": 3}}, {"model": "formula_one.pointscheme", "pk": 6, "fields": {"reference": "r1958", "name": "1958 - 1959 Race Points", "driver": 1, "team": 1, "fastest_lap": 2, "team_fastest_lap": 0, "partial": 0, "shared_drive": 0}}, {"model": "formula_one.pointscheme", "pk": 7, "fields": {"reference": "r1958indi", "name": "1958 - 1959 Indianapolis Points", "driver": 1, "team": 0, "fastest_lap": 2, "team_fastest_lap": 0, "partial": 0, "shared_drive": 0}}, {"model": "formula_one.pointscheme", "pk": 8, "fields": {"reference": "r1960", "name": "1960 Race Points", "driver": 2, "team": 2, "fastest_lap": 0, "team_fastest_lap": 0, "partial": 0, "shared_drive": 0}}, {"model": "formula_one.pointscheme", "pk": 9, "fields": {"reference": "r1960indi", "name": "1960 Indianapolis Points", "driver": 2, "team": 0, "fastest_lap": 0, "team_fastest_lap": 0, "partial": 0, "shared_drive": 0}}, {"model": "formula_one.pointscheme", "pk": 10, "fields": {"reference": "r1961", "name": "1961 Race Points", "driver": 3, "team": 2, "fastest_lap": 0, "team_fastest_lap": 0, "partial": 0, "shared_drive": 0}}, {"model": "formula_one.pointscheme", "pk": 11, "fields": {"reference": "r1962", "name": "1962 - 1974 Race Points", "driver": 3, "team": 3, "fastest_lap": 0, "team_fastest_lap": 0, "partial": 0, "shared_drive": 0}}, {"model": "formula_one.pointscheme", "pk": 12, "fields": {"reference": "r1975", "name": "1975 - 1979 Race Points", "driver": 3, "team": 3, "fastest_lap": 0, "team_fastest_lap": 0, "partial": 1, "shared_drive": 0}}, {"model": "formula_one.pointscheme", "pk": 13, "fields": {"reference": "r1980", "name": "1980 - 1990 Race Points", "driver": 3, "team": 3, "fastest_lap": 0, "team_fastest_lap": 0, "partial": 2, "shared_drive": 0}}, {"model": "formula_one.pointscheme", "pk": 14, "fields": {"reference": "r1991", "name": "1991 - 2002 Race Points", "driver": 5, "team": 5, "fastest_lap": 0, "team_fastest_lap": 0, "partial": 2, "shared_drive": 0}}, {"model": "formula_one.pointscheme", "pk": 15, "fields": {"reference": "r2003", "name": "2003 - 2009 Race Points", "driver": 6, "team": 6, "fastest_lap": 0, "team_fastest_lap": 0, "partial": 2, "shared_drive": 0}}, {"model": "formula_one.pointscheme", "pk": 16, "fields": {"reference": "r2010", "name": "2010 - 2018 Race Points", "driver": 7, "team": 7, "fastest_lap": 0, "team_fastest_lap": 0, "partial": 2, "shared_drive": 0}}, {"model": "formula_one.pointscheme", "pk": 17, "fields": {"reference": "r2019", "name": "2019 - 2021 Race Points", "driver": 7, "team": 7, "fastest_lap": 3, "team_fastest_lap": 3, "partial": 2, "shared_drive": 0}}, {"model": "formula_one.pointscheme", "pk": 18, "fields": {"reference": "sprint2021", "name": "2021 Sprint Points", "driver": 21, "team": 21, "fastest_lap": 0, "team_fastest_lap": 0, "partial": 2, "shared_drive": 0}}, {"model": "formula_one.pointscheme", "pk": 19, "fields": {"reference": "r2022", "name": "2022 Race Points", "driver": 7, "team": 7, "fastest_lap": 4, "team_fastest_lap": 4, "partial": 3, "shared_drive": 0}}, {"model": "formula_one.pointscheme", "pk": 20, "fields": {"reference": "sprint2022", "name": "2022 Sprint Points", "driver": 22, "team": 22, "fastest_lap": 0, "team_fastest_lap": 0, "partial": 3, "shared_drive": 0}}, {"model": "formula_one.pointscheme", "pk": 21, "fields": {"reference": "r2023", "name": "2023 - Present Race Points", "driver": 7, "team": 7, "fastest_lap": 4, "team_fastest_lap": 4, "partial": 4, "shared_drive": 0}}, {"model": "formula_one.pointscheme", "pk": 22, "fields": {"reference": "sprint2023", "name": "2023 - Present Sprint Points", "driver": 22, "team": 22, "fastest_lap": 0, "team_fastest_lap": 0, "partial": 4, "shared_drive": 0}}, {"model": "formula_one.race", "pk": 1, "fields": {"season": 1, "circuit": 1, "round": 1, "name": "First Race", "date": "2022-02-22", "wikipedia": null, "is_cancelled": false}}, {"model": "formula_one.season", "pk": 1, "fields": {"year": 1, "wikipedia": "http://jolpi.ca"}}, {"model": "formula_one.season", "pk": 2, "fields": {"year": 2, "wikipedia": null}}, {"model": "formula_one.session", "pk": 1, "fields": {"race": 1, "point_scheme": 1, "date": "2022-02-22", "time": null, "scheduled_laps": 100, "type": "Q1", "is_double_points": false}}, {"model": "formula_one.baseteam", "pk": 1, "fields": {"name": "baseteam1"}}, {"model": "formula_one.baseteam", "pk": 2, "fields": {"name": "baseteam2"}}, {"model": "formula_one.team", "pk": 1, "fields": {"base_team": 1, "reference": "team1", "name": "First Team (1)", "nationality": "British", "wikipedia": null}}, {"model": "formula_one.team", "pk": 2, "fields": {"base_team": 2, "reference": "team2", "name": "Team 2", "nationality": "Swedish", "wikipedia": null}}, {"model": "formula_one.team", "pk": 3, "fields": {"base_team": 2, "reference": "team3", "name": "Team 3 (2) Rebrand", "nationality": "Swedish", "wikipedia": null}}, {"model": "formula_one.teamdriver", "pk": 1, "fields": {"team": 1, "driver": 1, "season": 1, "role": 1}}, {"model": "formula_one.teamdriver", "pk": 2, "fields": {"team": 2, "driver": 2, "season": 1, "role": 1}}, {"model": "formula_one.teamdriver", "pk": 3, "fields": {"team": 3, "driver": 2, "season": 1, "role": 1}}, {"model": "formula_one.teamdriver", "pk": 4, "fields": {"team": 1, "driver": 1, "season": 2, "role": 1}}, {"model": "formula_one.teamdriver", "pk": 5, "fields": {"team": 1, "driver": 2, "season": 2, "role": 1}}]